1985,32,500,ICE RESURFACER,2,4450.0,10/05/2018,ZAMBONI,3
1988,1,P30,WALKIN VAN - CLASS 4,9,4850.0,07/02/2019,VAN - WALKIN,3
1991,37,UNKNOWN,TRUCK - HAZMAT UNIT,8,14050.0,06/11/2019,TRUCK - HAZMAT UNIT,1
1993,6,QS-60,GENERATOR - TRAILER MOUNTED,7,12850.0,03/09/2021,GENERATOR,1
1995,3,CF8000,TRUCK - CUBE - CLASS 7,8,14198.0,04/19/2021,TRUCK - HEAVY,1
1995,3,CF8000,TRUCK - FLATBED - CLASS 7,8,6600.0,02/15/2018,TRUCK - FLATBED,1
1995,12,C530A,ROLLER - 11 TON PNEUMATIC,13,3550.0,07/02/2019,ROLLER,1
1995,40,938F,SOLID WASTE WHEEL LOADER,11,17277.0,08/22/2018,LOADER - WHEEL,1
1995,43,PUMPER,PUMPER - TOP MOUNTED CONTROLS,8,6000.0,03/29/2018,FIRE - PUMPER,1
1996,30,1250 T,L/Y   BRUSH CHIPPER - TRAILER MOUNTED,11,10500.0,12/19/2019,CHIPPER,1
1996,39,F935,SOLID WASTE MOWER,11,1076.0,12/30/2019,MOWER,1
1997,15,L6-4MH,LIGHT TOWER - TRAILER MOUNTED,11,1324.99,03/24/2020,LIGHT TOWER,1
1997,36,31003,PICKUP - FLATBED - 2WD,8,10500.0,09/04/2018,TRUCK - HEAVY,1
1997,40,312BL,EXCAVATOR - 13 TON,13,37750.0,12/27/2018,EXCAVATOR,1
1997,42,FL70,TRUCK - DUMP - CLASS 7 TRAINING,9,12850.0,09/04/2018,TRUCK - DUMP TRUCK,1
1997,46,L6-4MH,LIGHT TOWER - TRAILER MOUNTED,11,1476.0,06/11/2020,LIGHT TOWER,1
1998,3,E450,BUS - 21 PASSENGER,9,4650.0,07/20/2020,BUS - POLICE,1
1999,39,4120 TRACTOR,TRACTOR - 4X4,9,10700.0,08/06/2020,TRACTOR,1
1999,43,PUMPER,PUMPER - SIDE MOUNTED CONTROLS,8,5201.0,07/18/2018,FIRE - PUMPER,1
1999,43,PUMPER,PUMPER - SIDE MOUNTED CONTROLS,8,5450.0,09/04/2018,FIRE - PUMPER,1
2000,3,F450,PICKUP - DIVER BODY - CLASS 4 - 4X4,9,13251.0,08/22/2018,TRUCK - HEAVY,3
2000,3,ECONOLINE,VAN - FULL SIZE - 15 PASSENGER,8,9000.0,03/09/2021,VAN,3
2000,25,488,SCOOTER 3 WHEEL,5,2950.0,07/14/2020,SCOOTER,3
2000,25,898,SCOOTER 3 WHEEL,5,1802.0,09/30/2020,SCOOTER,3
2000,35,NEON,SUBCOMPACT SEDAN TRAINING,9,3601.0,05/02/2018,SEDAN - SML,3
2000,43,PUMPER,PUMPER - SIDE MOUNTED CONTROLS,8,5100.0,06/20/2018,FIRE - PUMPER,1
2000,43,PUMPER,PUMPER - SIDE MOUNTED CONTROLS,8,5800.0,05/14/2018,FIRE - PUMPER,1
2000,43,CYCLONE II,AERIAL - REAR MOUNT,8,7400.0,10/05/2018,FIRE - LADDER TRUCK,1
2000,43,CYCLONE II,AERIAL - REAR MOUNT,8,8000.0,10/05/2018,FIRE - LADDER TRUCK,1
2000,46,P185WJDU,AIR COMPRESSOR - TRAILER MOUNTED,13,4550.0,01/25/2019,COMPRESSOR,1
2000,46,P185WJDU,AIR COMPRESSOR - TRAILER MOUNTED,13,6700.0,01/25/2019,COMPRESSOR,1
2000,46,P185WJDU,AIR COMPRESSOR - TRAILER MOUNTED,13,7101.0,11/08/2018,COMPRESSOR,1
2001,1,G2500,PASSENGER VAN,9,8050.0,06/11/2019,VAN,3
2001,1,T8500,TRUCK - SERVICE BODY - CLASS 8,11,11411.11,11/02/2018,TRUCK - HEAVY,1
2001,1,T8500,TRUCK - SERVICE BODY - CLASS 8,11,15850.0,08/01/2019,TRUCK - HEAVY,1
2001,1,T8500,TRUCK - SERVICE BODY - CLASS 8,11,16550.0,08/23/2018,TRUCK - HEAVY,1
2001,1,SONOMA,COMPACT PICKUP TRAINING,9,3551.0,10/30/2018,TRUCK - LIGHT,3
2001,3,F350,PICKUP - SERVICE BODY,5,8400.0,11/08/2018,TRUCK - LIGHT,3
2001,3,G/EX BUS,BUS - 16 PASSENGER,9,382.1,07/14/2020,BUS - POLICE,3
2001,19,J50XM2,FORKLIFT ELECTRIC - 5000 LB LIFT,4,4850.0,07/18/2018,FORKLIFT - ELECTRIC,2
2001,20,KJT27FSW,GENERATOR - TRAILER MOUNTED,8,6200.0,12/03/2020,GENERATOR,1
2001,36,G3500,PASSENGER VAN,9,5500.0,09/03/2019,VAN,3
2001,36,EXPRESS,PASSENGER VAN,9,7200.0,07/02/2019,VAN,3
2001,40,CB-224D,ROLLER - 3 TON DOUBLE DRUM,13,10350.0,05/02/2019,ROLLER,1
2001,40,CB-224D,ROLLER - 3 TON DOUBLE DRUM,13,10600.0,03/06/2019,ROLLER,1
2001,40,CB-224D,ROLLER - 3 TON DOUBLE DRUM,13,13500.0,05/02/2019,ROLLER,1
2002,1,T8500,TRUCK - SERVICE BODY - CLASS 8,11,7100.0,08/06/2020,TRUCK - HEAVY,1
2002,1,T8500,TRUCK - SERVICE BODY - CLASS 8,11,8700.0,11/11/2020,TRUCK - HEAVY,1
2002,1,T8500,TRUCK - SERVICE BODY - CLASS 8,11,11200.0,05/26/2020,TRUCK - HEAVY,1
2002,37,330,TRUCK - DUMP - CLASS 7,4,47000.0,03/07/2018,TRUCK - DUMP TRUCK,1
2002,37,330,TRUCK - AERIAL LIFT - CLASS 8,13,17626.0,04/16/2020,TRUCK - AERIAL - BUCKET,1
2002,37,330,TRUCK - DUMPING FLATBED - CLASS 6,13,29850.0,03/07/2018,TRUCK - DUMPING FLATBED,1
2002,37,330,TRUCK - DUMP - SANDER - PLOW - CLASS 6,13,41600.0,02/15/2018,TRUCK - DUMP TRUCK,1
2003,3,F250,PICKUP,11,9900.0,11/14/2019,TRUCK - LIGHT,3
2003,3,F450,PICKUP - DUMP BODY - CRANE - CLASS 4,11,11250.0,12/27/2018,TRUCK - DUMP TRUCK,1
2003,4,INTERCEPTOR II,PEO SCOOTER TRAINING,9,2001.0,02/15/2018,SCOOTER,3
2003,36,ASTRO,MINIVAN PASSENGER,11,7225.0,11/14/2019,VAN - MINIVAN,3
2003,37,330,TRUCK -  - CLASS 8,4,17450.0,07/18/2018,TRUCK - HEAVY,1
2003,37,357,TRUCK - 12 YD DUMP - CLASS 8,11,58100.0,07/18/2019,TRUCK - DUMP TRUCK,1
2003,39,1200A,BALLFIELD GROOMER,4,925.0,03/09/2021,GROOMER,3
2003,39,1200A,BALLFIELD GROOMER,4,2575.0,02/25/2021,GROOMER,3
2003,39,1200A,BALLFIELD GROOMER,4,3050.0,04/19/2021,GROOMER,3
2003,50,EAGLE,PUMPER - TOP MOUNTED CONTROLS,8,6550.0,04/19/2021,FIRE - PUMPER,1
2003,50,PUMPER,PUMPER - TOP MOUNTED CONTROLS,8,4550.0,10/05/2018,FIRE - PUMPER,1
2004,1,T7500,TRUCK - DUMPING FLATBED - CONCRETE,13,13300.0,07/02/2019,TRUCK - DUMPING FLATBED,1
2004,1,T7500,TRUCK - DUMPING FLATBED - CONCRETE,13,15200.0,09/30/2020,TRUCK - DUMPING FLATBED,1
2004,1,T7500,TRUCK - DUMPING FLATBED - CONCRETE,13,15500.0,09/10/2020,TRUCK - DUMPING FLATBED,1
2004,1,T7500,TRUCK - DUMPING FLATBED - CONCRETE,13,15700.0,09/10/2020,TRUCK - DUMPING FLATBED,1
2004,1,T7500,TRUCK - DUMPING FLATBED - CONCRETE,13,17600.0,04/19/2021,TRUCK - DUMPING FLATBED,1
2004,1,T7500,TRUCK - DUMPING FLATBED - CONCRETE,13,18000.0,09/30/2020,TRUCK - DUMPING FLATBED,1
2004,1,TTF7042 CAB-OVER TANDEM AXLE,TRUCK - FLATBED - LOOP - CLASS 8,13,19100.0,01/25/2019,TRUCK - FLATBED,1
2004,1,TTF8064 CAB-OVER TANDEM AXLE,TRUCK - FRONT LOADER DUMP - CLASS 8,13,35200.0,11/21/2018,TRUCK - DUMP TRUCK,1
2004,3,F450,PICKUP - FLATBED - CLASS 4,13,7100.0,12/27/2018,TRUCK - FLATBED,1
2004,29,8410 FLOOR SCRUBBER,FLOOR SCRUBBER FLEETS,5,7100.0,03/29/2018,SCRUBBER - FLOOR,3
2004,34,T800B,TRUCK - DUMP - CLASS 8,4,44250.0,07/02/2019,TRUCK - DUMP TRUCK,1
2004,36,IMPALA,MIDSIZE SEDAN,9,2045.0,06/11/2019,SEDAN - MED,3
2004,36,COLORADO,COMPACT PICKUP,13,3125.0,06/25/2018,TRUCK - LIGHT,3
2004,41,BEACH CLEANER,BEACH CLEANER/SANDSIFTER 5000,4,6200.0,09/03/2019,SIFTER - SAND,1
2004,42,MT55,TRUCK - AERIAL LIFT - TELELECT - CLASS 7,13,14418.0,06/20/2018,TRUCK - AERIAL - BUCKET,1
2005,3,F350,PICKUP - DUMP BODY,11,10400.0,01/25/2019,TRUCK - LIGHT,1
2005,3,FOCUS,SEDAN SUBCOMPACT,9,2600.0,12/13/2018,SEDAN - SML,3
2005,3,FOCUS,SUBCOMPACT SEDAN,9,2569.99,02/15/2018,SEDAN - SML,3
2005,3,FOCUS,SEDAN - SUBCOMPACT,8,4101.0,10/05/2018,SEDAN - SML,3
2005,3,FOCUS,PEO SUBCOMPACT SEDAN,9,1981.0,05/14/2018,SEDAN - SML,3
2005,3,FOCUS,PEO SUBCOMPACT SEDAN,9,2125.0,05/02/2018,SEDAN - SML,3
2005,3,FOCUS,PEO SUBCOMPACT SEDAN,9,2130.0,05/02/2018,SEDAN - SML,3
2005,3,FOCUS,PEO SUBCOMPACT SEDAN,9,2625.0,05/02/2018,SEDAN - SML,3
2005,5,LIBERTY,COMPACT SUV,11,3838.89,05/14/2018,SUV - SML,3
2005,10,CARAVAN,VAN - MINIVAN - 8 PASSENGER,8,3150.0,08/16/2018,VAN - MINIVAN,3
2005,23,PRIUS,SEDAN COMPACT HYBRID,4,4416.0,12/31/2020,SEDAN - SML - HYBRID,3
2005,23,PRIUS,SEDAN COMPACT HYBRID,5,5683.0,11/08/2018,SEDAN - SML - HYBRID,3
2005,23,PRIUS,SEDAN COMPACT HYBRID,12,4950.0,12/31/2020,SEDAN - SML - HYBRID,3
2005,23,PRIUS,COMPACT SEDAN - HYBRID,4,3150.0,03/13/2020,SEDAN - SML - HYBRID,3
2005,23,PRIUS,COMPACT SEDAN - HYBRID,4,6361.0,10/05/2018,SEDAN - SML - HYBRID,3
2005,23,PRIUS,COMPACT SEDAN - HYBRID,6,5000.0,03/09/2021,SEDAN - SML - HYBRID,3
2005,23,PRIUS,COMPACT SEDAN - HYBRID,6,5600.0,06/09/2020,SEDAN - SML - HYBRID,3
2005,23,PRIUS,COMPACT SEDAN - HYBRID,9,4551.0,05/09/2018,SEDAN - SML - HYBRID,3
2005,23,PRIUS,COMPACT SEDAN - HYBRID,9,5101.0,10/30/2018,SEDAN - SML - HYBRID,3
2005,23,PRIUS,COMPACT SEDAN - HYBRID,9,5326.0,06/20/2018,SEDAN - SML - HYBRID,3
2005,23,PRIUS,COMPACT SEDAN - HYBRID,9,5702.0,02/15/2018,SEDAN - SML - HYBRID,3
2005,23,PRIUS,COMPACT SEDAN - HYBRID,9,6050.0,05/14/2018,SEDAN - SML - HYBRID,3
2005,23,PRIUS,COMPACT SEDAN - HYBRID,9,6775.0,01/25/2018,SEDAN - SML - HYBRID,3
2005,23,PRIUS,COMPACT SEDAN - HYBRID,11,4300.01,09/17/2019,SEDAN - SML - HYBRID,3
2005,23,PRIUS,COMPACT SEDAN - HYBRID,12,3550.0,02/25/2021,SEDAN - SML - HYBRID,3
2005,23,PRIUS,COMPACT SEDAN - HYBRID,12,4851.0,11/21/2018,SEDAN - SML - HYBRID,3
2005,23,PRIUS,COMPACT SEDAN - HYBRID,13,6250.0,08/22/2018,SEDAN - SML - HYBRID,3
2005,23,PRIUS,SEDAN COMPACT - HYBRID,13,7100.0,02/15/2018,SEDAN - SML - HYBRID,3
2005,23,PRIUS,SEDAN - COMPACT - HYBRID,8,5500.0,10/05/2018,SEDAN - SML - HYBRID,3
2005,34,T800B,TRUCK - 12 YD DUMP - CLASS 8,11,87500.0,08/09/2018,TRUCK - DUMP TRUCK,1
2005,36,ASTRO,CARGO MINIVAN - CARPENTER,5,4400.03,09/30/2020,VAN - MINIVAN,3
2005,36,IMPALA,MIDSIZE SEDAN,9,2950.0,08/22/2018,SEDAN - MED,3
2005,36,COLORADO 4X4,COMPACT PICKUP - 4X4,11,3400.0,05/02/2018,TRUCK - LIGHT,3
2005,36,COLORADO 4X4,COMPACT PICKUP - 4X4,11,7006.0,06/20/2018,TRUCK - LIGHT,3
2005,36,COLORADO 4X4,COMPACT PICKUP - 4X4,11,8700.0,12/27/2018,TRUCK - LIGHT,3
2005,36,EXPRESS ACCESS CG23405,CARGO VAN,9,7800.0,09/03/2019,VAN,3
2005,36,EXPRESS ACCESS CG23405,CARGO VAN,9,9500.0,12/23/2019,VAN,3
2005,36,EXPRESS ACCESS CG23405,CARGO VAN - PRISONER,9,7000.0,07/02/2019,VAN,3
2005,36,EXPRESS ACCESS CG23405,CARGO VAN - PRISONER,9,9900.0,05/02/2018,VAN,3
2005,37,330,TRUCK - CHIP DUMP - CLASS 7,4,32250.0,12/27/2018,TRUCK - DUMP TRUCK,1
2005,37,330,TRUCK - AERIAL LIFT - 55` TELELECT,4,24033.0,11/08/2018,TRUCK - AERIAL - BUCKET,1
2005,39,6320,TRACTOR - FLAIL MOWER,13,23000.0,10/30/2018,TRACTOR - MOWER,1
2005,39,6320,TRACTOR - FLAIL MOWER,13,23500.0,10/30/2018,TRACTOR - MOWER,1
2005,39,6320,TRACTOR - FLAIL MOWER,13,27000.0,12/27/2018,TRACTOR - MOWER,1
2005,39,6320,TRACTOR - FLAIL MOWER,13,27500.0,01/25/2019,TRACTOR - MOWER,1
2005,39,GATOR,UTILITY VEHICLE 4 WHEEL,9,8001.0,11/14/2019,UTILITY VEHICLE,3
2005,39,ZTRAK M665,"MOWER - 72"" ROTARY",4,2285.0,02/25/2021,MOWER,3
2006,3,F250,PICKUP,5,13100.0,06/25/2018,TRUCK - LIGHT,3
2006,3,F250,PICKUP - 4X4,11,12300.0,10/05/2018,TRUCK - LIGHT,3
2006,3,F350,PICKUP - FLATBED,4,7100.0,10/05/2018,TRUCK - LIGHT,3
2006,3,FOCUS,SEDAN SUBCOMPACT,13,2125.0,04/16/2020,SEDAN - SML,3
2006,3,FOCUS,SUBCOMPACT SEDAN,5,3801.0,09/30/2020,SEDAN - SML,3
2006,3,FOCUS,SUBCOMPACT SEDAN,9,3925.0,01/25/2018,SEDAN - SML,3
2006,3,FOCUS,SEDAN - SUBCOMPACT,8,2150.01,10/30/2018,SEDAN - SML,3
2006,3,FOCUS,PEO SUBCOMPACT SEDAN,9,1610.0,05/02/2018,SEDAN - SML,3
2006,3,FOCUS,PEO SUBCOMPACT SEDAN,9,2950.0,05/02/2018,SEDAN - SML,3
2006,3,ESCAPE,SUV COMPACT 2WD,11,3950.0,12/27/2018,SUV - SML,3
2006,3,RANGER,COMPACT PICKUP,11,7900.0,01/25/2018,TRUCK - LIGHT,3
2006,3,RANGER,COMPACT PICKUP,13,6200.0,05/14/2018,TRUCK - LIGHT,3
2006,3,RANGER,COMPACT PICKUP,13,6680.0,02/15/2018,TRUCK - LIGHT,3
2006,3,RANGER,COMPACT PICKUP,13,7800.0,03/07/2018,TRUCK - LIGHT,3
2006,3,ESCAPE HYBRID,SUV COMPACT 4X4 HYBRID,5,3050.0,08/22/2018,SUV - SML - HYBRID,3
2006,10,STRATUS,MIDSIZE SEDAN,11,2700.0,03/06/2019,SEDAN - MED,3
2006,10,STRATUS,MIDSIZE SEDAN,11,3200.0,04/16/2020,SEDAN - MED,3
2006,10,STRATUS,MIDSIZE SEDAN,11,3351.0,04/05/2018,SEDAN - MED,3
2006,10,STRATUS,MIDSIZE SEDAN,11,4050.0,02/25/2021,SEDAN - MED,3
2006,10,SPRINTER,CARGO VAN - SPRINTER,9,16800.0,04/16/2020,VAN,1
2006,10,SPRINTER,CARGO VAN - SPRINTER,13,16650.0,02/28/2018,VAN,1
2006,13,65E,MOTOR GRADER - ARTICULATED - 17000 LB,4,50278.0,05/17/2019,GRADER,1
2006,14,GW750,ROLLER - 10 TON VIBRATORY PNEUMATIC,13,29500.0,05/02/2019,ROLLER,1
2006,23,PRIUS,SEDAN COMPACT HYBRID,5,3250.0,10/29/2020,SEDAN - SML - HYBRID,3
2006,23,PRIUS,SEDAN COMPACT HYBRID,5,3688.0,05/03/2019,SEDAN - SML - HYBRID,3
2006,23,PRIUS,SEDAN COMPACT HYBRID,5,4450.0,07/18/2019,SEDAN - SML - HYBRID,3
2006,23,PRIUS,COMPACT SEDAN - HYBRID,4,4310.0,03/06/2019,SEDAN - SML - HYBRID,3
2006,23,PRIUS,COMPACT SEDAN - HYBRID,4,4900.0,10/30/2018,SEDAN - SML - HYBRID,3
2006,23,PRIUS,COMPACT SEDAN - HYBRID,4,5200.0,10/30/2018,SEDAN - SML - HYBRID,3
2006,23,PRIUS,COMPACT SEDAN - HYBRID,6,3827.0,12/31/2020,SEDAN - SML - HYBRID,3
2006,23,PRIUS,COMPACT SEDAN - HYBRID,9,5600.0,03/07/2018,SEDAN - SML - HYBRID,3
2006,23,PRIUS,COMPACT SEDAN - HYBRID,9,5850.0,10/05/2018,SEDAN - SML - HYBRID,3
2006,23,PRIUS,COMPACT SEDAN - HYBRID,12,3751.0,03/09/2021,SEDAN - SML - HYBRID,3
2006,23,PRIUS,COMPACT SEDAN - HYBRID,12,3821.0,02/25/2021,SEDAN - SML - HYBRID,3
2006,23,PRIUS,COMPACT SEDAN - HYBRID,13,4200.0,10/30/2018,SEDAN - SML - HYBRID,3
2006,23,PRIUS,COMPACT SEDAN - HYBRID,13,5000.0,05/03/2019,SEDAN - SML - HYBRID,3
2006,23,PRIUS,COMPACT SEDAN - HYBRID,13,5399.0,11/20/2019,SEDAN - SML - HYBRID,3
2006,23,PRIUS,COMPACT SEDAN - HYBRID,13,6200.0,03/06/2019,SEDAN - SML - HYBRID,3
2006,23,PRIUS,COMPACT SEDAN - HYBRID,13,6500.0,12/13/2018,SEDAN - SML - HYBRID,3
2006,23,PRIUS,COMPACT SEDAN - HYBRID,13,7185.0,09/03/2019,SEDAN - SML - HYBRID,3
2006,23,PRIUS,COMPACT SEDAN - HYBRID,13,7600.0,11/08/2018,SEDAN - SML - HYBRID,3
2006,24,CARRYALL2,ATV - PASSENGER,8,3301.0,06/09/2020,GOLF CART - ELECTRIC,2
2006,27,ED150,EXCAVATOR - 18 TON DOZER BLADE,11,48600.0,01/16/2019,EXCAVATOR,1
2006,36,IMPALA,MIDSIZE SEDAN,9,2175.0,10/30/2018,SEDAN - MED,3
2006,36,IMPALA,MIDSIZE SEDAN,9,3250.0,03/06/2019,SEDAN - MED,3
2006,36,EXPRESS,CARGO VAN,4,7985.0,06/20/2018,VAN,3
2006,36,EXPRESS,VAN CARGO,11,12800.0,05/02/2018,VAN,3
2006,36,EXPRESS,CARGO VAN - PARKING METER COLLECTIONS,5,5800.0,10/28/2019,VAN,3
2006,36,EXPRESS,CARGO VAN - PARKING METER COLLECTIONS,5,9900.0,11/14/2019,VAN,3
2006,36,COLORADO,COMPACT PICKUP - CREWCAB,11,6050.0,06/25/2018,TRUCK - LIGHT,3
2006,36,COLORADO,PICKUP COMPACT - CREW CAB 2WD,11,7655.0,11/08/2018,TRUCK - LIGHT,3
2006,36,WORK HORSE,WALKIN VAN - CLASS 4,11,6850.0,03/07/2018,VAN - WALKIN,3
2006,36,COLORADO 4X4,PICKUP COMPACT CREWCAB 4X4,11,9900.0,03/29/2018,TRUCK - LIGHT,3
2006,37,335,TRUCK - FLATBED - DEICER - PLOW,13,21100.0,09/30/2020,TRUCK - FLATBED,1
2006,37,378,SOLID WASTE TRUCK,11,40000.0,08/22/2019,TRUCK - HEAVY,1
2006,37,378,SOLID WASTE TRUCK,11,52100.0,10/07/2019,TRUCK - HEAVY,1
2006,37,378,SOLID WASTE TRUCK,11,53100.0,07/16/2019,TRUCK - HEAVY,1
2006,39,6320,TRACTOR - BOOM MOWER,13,22850.0,12/13/2018,TRACTOR - MOWER,1
2006,39,6320,TRACTOR - BOOM MOWER,13,32400.0,12/13/2018,TRACTOR - MOWER,1
2006,48,MLT4060MMHH,LIGHT TOWER - TRAILER MOUNTED,9,1195.0,04/19/2021,LIGHT TOWER,1
2006,49,TS115A,TRACTOR - 4X4,11,28500.0,04/26/2019,TRACTOR,1
2007,1,T6500,TRUCK - FLATBED - CONCRETE - CLASS 6,4,2200.0,07/02/2019,TRUCK - FLATBED,1
2007,1,T6500,TRUCK - FLATBED - CONCRETE - CLASS 6,4,12250.0,03/13/2020,TRUCK - FLATBED,1
2007,1,WORK HORSE,WALKIN VAN - CLASS 4,10,10901.0,06/09/2020,VAN - WALKIN,3
2007,3,E150,CARGO VAN,13,7700.0,09/03/2019,VAN,3
2007,3,E150,CARGO VAN,13,7700.0,12/23/2019,VAN,3
2007,3,E150,CARGO VAN,13,10350.0,05/02/2018,VAN,3
2007,3,E250,CARGO VAN - P-PATCH VAN,3,8900.0,03/07/2018,VAN,3
2007,3,E350,CARGO VAN,10,4350.0,10/05/2018,VAN,3
2007,3,E350,CARGO VAN,10,8900.0,09/04/2018,VAN,3
2007,3,E350,CARGO VAN - ELECTRICIAN,5,13601.0,01/25/2018,VAN,3
2007,3,F150,PICKUP,4,7700.0,12/13/2018,TRUCK - LIGHT,3
2007,3,F150,PICKUP - FLATBED - PRESSURE WASHER,4,1690.0,03/07/2018,TRUCK - LIGHT,3
2007,3,F250,PICKUP - 4X4,11,7500.0,05/03/2019,TRUCK - LIGHT,3
2007,3,F350,PICKUP,2,15245.0,06/25/2018,TRUCK - LIGHT,1
2007,3,FOCUS,SUBCOMPACT SEDAN,9,3450.0,03/06/2019,SEDAN - SML,3
2007,3,FOCUS,SUBCOMPACT SEDAN,9,3560.0,03/06/2019,SEDAN - SML,3
2007,3,FOCUS,SUBCOMPACT SEDAN,9,3600.0,08/22/2018,SEDAN - SML,3
2007,3,FOCUS,SUBCOMPACT SEDAN,9,5400.0,05/03/2019,SEDAN - SML,3
2007,3,FOCUS,SUBCOMPACT SEDAN,13,3401.0,11/08/2018,SEDAN - SML,3
2007,3,FOCUS,SUBCOMPACT SEDAN,13,3550.0,12/13/2018,SEDAN - SML,3
2007,3,FOCUS,SUBCOMPACT SEDAN,13,4359.99,12/27/2018,SEDAN - SML,3
2007,3,ESCAPE,SUV COMPACT 2WD,12,5675.0,07/18/2019,SUV - SML,3
2007,3,RANGER,COMPACT PICKUP,4,6100.0,12/27/2018,TRUCK - LIGHT,3
2007,3,RANGER,COMPACT PICKUP,4,6200.0,05/14/2018,TRUCK - LIGHT,3
2007,3,RANGER,COMPACT PICKUP,13,6200.0,03/06/2019,TRUCK - LIGHT,3
2007,3,RANGER,COMPACT PICKUP,13,6250.0,01/25/2019,TRUCK - LIGHT,3
2007,3,RANGER,PICKUP COMPACT,11,11000.0,03/29/2018,TRUCK - LIGHT,3
2007,3,CROWN VICTORIA,PATROL CAR,9,850.0,07/02/2019,SEDAN - PATROL,3
2007,3,CROWN VICTORIA,PATROL CAR,9,2025.0,06/11/2019,SEDAN - PATROL,3
2007,3,CROWN VICTORIA,SEDAN - FULL SIZE,8,2850.0,02/28/2018,SEDAN - PATROL,3
2007,3,CROWN VICTORIA,SEDAN - FULL SIZE,8,3250.0,12/27/2018,SEDAN - PATROL,3
2007,4,INTERCEPTOR II,PEO SCOOTER,9,4700.0,08/22/2018,SCOOTER,3
2007,10,GRAND CARAVAN,CARGO MINIVAN,7,7200.0,08/16/2018,VAN - MINIVAN,3
2007,10,GRAND CARAVAN,CARGO MINIVAN,10,2750.0,11/14/2019,VAN - MINIVAN,3
2007,10,GRAND CARAVAN,MINIVAN PASSENGER,11,3700.0,03/06/2019,VAN - MINIVAN,3
2007,10,GRAND CARAVAN,MINIVAN PASSENGER,11,4845.0,06/09/2020,VAN - MINIVAN,3
2007,10,GRAND CARAVAN,PASSENGER MINIVAN,5,6700.0,10/30/2018,VAN - MINIVAN,3
2007,10,GRAND CARAVAN,PASSENGER MINIVAN,7,4039.0,02/15/2018,VAN - MINIVAN,3
2007,10,GRAND CARAVAN,PASSENGER MINIVAN,9,5750.0,06/25/2018,VAN - MINIVAN,3
2007,10,GRAND CARAVAN,CARGO MINIVAN - ELECTRICIAN,5,4100.0,11/21/2018,VAN - MINIVAN,3
2007,10,GRAND CARAVAN,VAN - MINIVAN - 8 PASSENGER,8,4200.0,10/30/2018,VAN - MINIVAN,3
2007,16,G930,MOTOR GRADER - ARTICULATED - 35000 LB,13,51250.0,09/03/2019,GRADER,1
2007,23,CAMRY,MIDSIZE SEDAN - HYBRID,9,2950.0,05/02/2018,SEDAN - MED - HYBRID,3
2007,23,CAMRY,MIDSIZE SEDAN - HYBRID,9,5975.0,08/22/2018,SEDAN - MED - HYBRID,3
2007,23,CAMRY,MIDSIZE SEDAN - HYBRID,9,7900.0,11/08/2018,SEDAN - MED - HYBRID,3
2007,23,CAMRY,SEDAN MIDSIZE - HYBRID,9,4805.55,11/08/2018,SEDAN - MED - HYBRID,3
2007,23,PRIUS,SEDAN COMPACT HYBRID,4,4726.0,11/21/2018,SEDAN - SML - HYBRID,3
2007,23,PRIUS,SEDAN COMPACT HYBRID,5,3250.0,10/29/2020,SEDAN - SML - HYBRID,3
2007,23,PRIUS,SEDAN COMPACT HYBRID,5,3450.0,09/30/2020,SEDAN - SML - HYBRID,3
2007,23,PRIUS,SEDAN COMPACT HYBRID,5,3501.0,10/29/2020,SEDAN - SML - HYBRID,3
2007,23,PRIUS,SEDAN COMPACT HYBRID,5,3850.0,10/29/2020,SEDAN - SML - HYBRID,3
2007,23,PRIUS,SEDAN COMPACT HYBRID,5,4000.0,09/10/2020,SEDAN - SML - HYBRID,3
2007,23,PRIUS,COMPACT SEDAN - HYBRID,4,5500.0,11/21/2018,SEDAN - SML - HYBRID,3
2007,23,PRIUS,COMPACT SEDAN - HYBRID,4,5701.0,06/25/2018,SEDAN - SML - HYBRID,3
2007,23,PRIUS,COMPACT SEDAN - HYBRID,4,6100.0,11/21/2018,SEDAN - SML - HYBRID,3
2007,23,PRIUS,COMPACT SEDAN - HYBRID,4,6577.77,10/30/2018,SEDAN - SML - HYBRID,3
2007,23,PRIUS,COMPACT SEDAN - HYBRID,4,7100.0,11/21/2018,SEDAN - SML - HYBRID,3
2007,23,PRIUS,COMPACT SEDAN - HYBRID,11,5350.0,01/25/2019,SEDAN - SML - HYBRID,3
2007,23,PRIUS,COMPACT SEDAN - HYBRID,11,5501.02,10/30/2018,SEDAN - SML - HYBRID,3
2007,23,PRIUS,COMPACT SEDAN - HYBRID,11,5601.0,08/22/2018,SEDAN - SML - HYBRID,3
2007,23,PRIUS,COMPACT SEDAN - HYBRID,11,6300.0,05/02/2019,SEDAN - SML - HYBRID,3
2007,23,PRIUS,COMPACT SEDAN - HYBRID,11,7407.77,10/05/2018,SEDAN - SML - HYBRID,3
2007,23,PRIUS,COMPACT SEDAN - HYBRID,12,7356.0,03/28/2019,SEDAN - SML - HYBRID,3
2007,23,PRIUS,COMPACT SEDAN - HYBRID,13,4550.0,03/06/2019,SEDAN - SML - HYBRID,3
2007,23,PRIUS,COMPACT SEDAN - HYBRID,13,5800.0,10/30/2018,SEDAN - SML - HYBRID,3
2007,23,PRIUS,COMPACT SEDAN - HYBRID,13,8033.0,09/03/2019,SEDAN - SML - HYBRID,3
2007,23,PRIUS,SEDAN COMPACT - HYBRID,11,7100.0,02/28/2018,SEDAN - SML - HYBRID,3
2007,23,PRIUS,SEDAN - COMPACT - HYBRID,8,5201.0,08/22/2018,SEDAN - SML - HYBRID,3
2007,23,PRIUS,SEDAN - COMPACT - HYBRID,8,6000.0,08/22/2018,SEDAN - SML - HYBRID,3
2007,23,PRIUS,SEDAN - COMPACT - HYBRID,8,7000.0,09/04/2018,SEDAN - SML - HYBRID,3
2007,23,PRIUS,SEDAN - COMPACT - HYBRID,8,7320.0,11/08/2018,SEDAN - SML - HYBRID,3
2007,23,7FBEU15,FORKLIFT ELECTRIC - 3000 LB LIFT,11,8200.0,11/14/2018,FORKLIFT - ELECTRIC,2
2007,26,CC222,ROLLER - 8 TON DOUBLE DRUM,13,24600.0,04/16/2020,ROLLER,1
2007,36,TAHOE,SUV FULLSIZE 2WD,9,5700.0,07/15/2020,SUV - LRG,3
2007,36,TAHOE,SUV FULLSIZE 2WD,9,5726.0,07/14/2020,SUV - LRG,3
2007,36,IMPALA,MIDSIZE SEDAN,8,2550.0,08/16/2018,SEDAN - MED,3
2007,36,IMPALA,MIDSIZE SEDAN,9,3550.0,11/08/2018,SEDAN - MED,3
2007,36,IMPALA,MIDSIZE SEDAN,9,3600.0,12/23/2019,SEDAN - MED,3
2007,36,IMPALA,MIDSIZE SEDAN,9,4300.0,12/23/2019,SEDAN - MED,3
2007,36,IMPALA,MIDSIZE SEDAN,9,4975.0,11/14/2019,SEDAN - MED,3
2007,36,IMPALA,MIDSIZE SEDAN,9,5000.0,07/02/2019,SEDAN - MED,3
2007,36,IMPALA,SEDAN MIDSIZE,9,110.0,06/25/2018,SEDAN - MED,3
2007,36,IMPALA,SEDAN MIDSIZE,9,2925.0,11/14/2019,SEDAN - MED,3
2007,36,IMPALA,SEDAN MIDSIZE,9,3249.0,11/20/2019,SEDAN - MED,3
2007,36,IMPALA,SEDAN MIDSIZE,9,3350.0,11/14/2019,SEDAN - MED,3
2007,36,IMPALA,SEDAN MIDSIZE,9,3425.0,08/22/2018,SEDAN - MED,3
2007,36,IMPALA,SEDAN MIDSIZE,9,3550.0,11/14/2019,SEDAN - MED,3
2007,36,IMPALA,SEDAN MIDSIZE,9,4150.0,11/14/2019,SEDAN - MED,3
2007,36,MALIBU,MIDSIZE SEDAN,13,3550.0,12/27/2018,SEDAN - MED,3
2007,36,EXPRESS,CARGO VAN,9,10595.0,05/14/2018,VAN,3
2007,36,EXPRESS,VAN PASSENGER,5,9450.0,12/27/2018,VAN,3
2007,36,EXPRESS,CUTAWAY VAN - SPARTAN BODY,4,23010.0,02/15/2018,VAN,3
2007,36,COLORADO,COMPACT PICKUP,11,5805.0,06/20/2018,TRUCK - LIGHT,3
2007,36,COLORADO 4X4,COMPACT PICKUP - 4X4,11,4250.0,09/10/2020,TRUCK - LIGHT,3
2007,36,COLORADO 4X4,COMPACT PICKUP - 4X4,11,5150.0,07/02/2019,TRUCK - LIGHT,3
2007,36,COLORADO 4X4,COMPACT PICKUP - 4X4,11,13100.0,11/20/2019,TRUCK - LIGHT,3
2007,36,COLORADO 4X4,COMPACT PICKUP - 4X4,13,8101.0,09/17/2019,TRUCK - LIGHT,3
2007,36,COLORADO 4X4,PICKUP COMPACT CREW CAB 4X4,5,4950.0,06/25/2018,TRUCK - LIGHT,3
2007,36,COLORADO 4X4,PICKUP COMPACT CREW CAB 4X4,11,7900.0,08/22/2018,TRUCK - LIGHT,3
2007,36,SUBURBAN K1500/K15906,SUV - FULL SIZE - 4WD,8,5000.0,07/02/2019,SUV - LRG,3
2007,36,SUBURBAN K1500/K15906,SUV - FULL SIZE - 4WD,8,5400.0,07/02/2019,SUV - LRG,3
2007,36,SUBURBAN K1500/K15906,SUV - FULL SIZE - 4WD,8,5450.0,09/10/2020,SUV - LRG,3
2007,36,SUBURBAN K1500/K15906,SUV - FULL SIZE - 4WD,8,7800.0,07/18/2019,SUV - LRG,3
2007,37,335,TRUCK - DUMPING FLATBED - CRANE,13,30600.0,06/09/2020,TRUCK - DUMPING FLATBED,1
2007,37,335,TRUCK - FLATBED - CRANE - CLASS 7,11,46100.0,10/07/2019,TRUCK - FLATBED,1
2007,37,357,TRUCK - DUMP - SANDER - PLOW - CLASS 8,13,32200.0,01/06/2021,TRUCK - DUMP TRUCK,1
2007,37,357,TRUCK - DUMP - SANDER - PLOW - CLASS 8,13,37987.0,09/30/2020,TRUCK - DUMP TRUCK,1
2007,37,357,TRUCK - DUMP - SANDER - PLOW - CLASS 8,13,38025.0,07/14/2020,TRUCK - DUMP TRUCK,1
2007,37,357,TRUCK - DUMP - SANDER - PLOW - CLASS 8,13,49000.0,09/10/2020,TRUCK - DUMP TRUCK,1
2007,37,378,TRUCK - DUMP - CLASS 8,11,30000.0,08/09/2018,TRUCK - DUMP TRUCK,1
2007,37,378,TRUCK - DUMP - CLASS 8,11,64700.01,08/23/2018,TRUCK - DUMP TRUCK,1
2007,37,378,TRUCK - DUMP - CLASS 8,11,90000.0,08/09/2018,TRUCK - DUMP TRUCK,1
2007,37,378,TRUCK - 12 YD DUMP - CLASS 8,13,66500.0,10/29/2020,TRUCK - DUMP TRUCK,1
2007,37,378,TRUCK - 12 YD DUMP - CLASS 8,13,68800.0,12/31/2020,TRUCK - DUMP TRUCK,1
2007,37,378,TRUCK - 12 YD DUMP - CLASS 8,13,75766.0,09/30/2020,TRUCK - DUMP TRUCK,1
2007,39,5425,TRACTOR,4,25071.0,11/08/2018,TRACTOR,1
2007,39,5225 UTILITY TRACTOR,TRACTOR - LOADER,4,23544.0,03/07/2018,TRACTOR - LOADER,1
2008,3,E150,CARGO VAN - PAINTER,5,8101.0,12/23/2019,VAN,3
2008,3,E350,CARGO VAN,2,14050.0,03/06/2019,VAN,1
2008,3,E350,CARGO VAN,4,9100.0,07/02/2019,VAN,1
2008,3,E350,CARGO VAN,4,9700.0,07/02/2019,VAN,3
2008,3,E350,VAN CARGO,11,12400.0,12/03/2020,VAN,1
2008,3,E350,CUTAWAY VAN - SPARTAN BODY,4,12221.0,06/27/2019,VAN,3
2008,3,E350,CUTAWAY VAN - SPARTAN BODY,4,12350.0,08/20/2019,VAN,3
2008,3,E350,CUTAWAY VAN - SPARTAN BODY,4,15600.0,07/18/2019,VAN,3
2008,3,E350,CUTAWAY VAN - SPARTAN BODY,4,16200.0,06/27/2019,VAN,3
2008,3,E450,MEDIC AID VAN - 1ST REMOUNT,8,9200.0,04/19/2021,MEDIC UNIT,1
2008,3,F150,PICKUP,4,4450.0,03/06/2019,TRUCK - LIGHT,3
2008,3,F150,PICKUP,4,4550.0,03/06/2019,TRUCK - LIGHT,3
2008,3,F150,PICKUP,4,4750.0,03/06/2019,TRUCK - LIGHT,3
2008,3,F150,PICKUP,4,5201.0,03/06/2019,TRUCK - LIGHT,3
2008,3,F150,PICKUP,4,5335.5,05/17/2019,TRUCK - LIGHT,3
2008,3,F150,PICKUP,4,5451.0,03/06/2019,TRUCK - LIGHT,3
2008,3,F150,PICKUP,4,5500.0,12/27/2018,TRUCK - LIGHT,3
2008,3,F150,PICKUP,4,5501.0,03/06/2019,TRUCK - LIGHT,3
2008,3,F150,PICKUP,4,5550.0,12/27/2018,TRUCK - LIGHT,3
2008,3,F150,PICKUP,4,6050.0,03/28/2019,TRUCK - LIGHT,3
2008,3,F150,PICKUP,4,6200.0,05/17/2019,TRUCK - LIGHT,3
2008,3,F150,PICKUP,4,7750.0,01/25/2019,TRUCK - LIGHT,3
2008,3,F150,PICKUP - CREW CAB,4,5500.0,12/27/2018,TRUCK - LIGHT,3
2008,3,F150,PICKUP - DUMPING FLATBED,4,8505.0,12/27/2018,TRUCK - LIGHT,3
2008,3,F250,PICKUP,4,5925.0,12/27/2018,TRUCK - LIGHT,1
2008,3,F250,PICKUP,4,8250.0,03/06/2019,TRUCK - LIGHT,1
2008,3,F250,PICKUP,4,14300.0,03/14/2019,TRUCK - LIGHT,1
2008,3,F250,PICKUP - 4X4,11,6550.0,03/13/2020,TRUCK - LIGHT,3
2008,3,F250,PICKUP - CREW CAB,4,5452.52,12/27/2018,TRUCK - LIGHT,3
2008,3,F250,PICKUP - CREW CAB,4,12900.0,02/15/2018,TRUCK - LIGHT,3
2008,3,F250,PICKUP - CREW CAB,13,5105.0,05/19/2020,TRUCK - LIGHT,3
2008,3,F250,PICKUP - CREW CAB,13,11200.0,04/17/2018,TRUCK - LIGHT,3
2008,3,F250,PICKUP - CREW CAB,13,11601.0,02/28/2018,TRUCK - LIGHT,1
2008,3,F250,PICKUP - CREW CAB,13,12702.0,02/28/2018,TRUCK - LIGHT,1
2008,3,F250,PICKUP CREW CAB 2WD,13,7050.0,07/14/2020,TRUCK - LIGHT,3
2008,3,F250,PICKUP - CREW CAB - 4WD,8,15000.0,03/09/2021,TRUCK - LIGHT,1
2008,3,F250,PICKUP - DUMPING FLATBED,4,9700.0,12/27/2018,TRUCK - LIGHT,1
2008,3,F250,PICKUP - DUMPING FLATBED,4,14100.0,03/13/2020,TRUCK - LIGHT,1
2008,3,F350,PICKUP,4,7900.0,12/27/2018,TRUCK - LIGHT,1
2008,3,F350,PICKUP,11,16200.0,12/03/2020,TRUCK - LIGHT,1
2008,3,F350,PICKUP - SERVICE BODY,13,8500.0,07/02/2019,TRUCK - LIGHT,1
2008,3,F350,PICKUP - CREW CAB - 4X4,11,16990.0,07/15/2020,TRUCK - LIGHT,3
2008,3,F350,PICKUP - DUMPING FLATBED,4,16805.0,03/06/2019,TRUCK - LIGHT,1
2008,3,F350,PICKUP - DUMPING FLATBED,11,15000.0,07/18/2019,TRUCK - LIGHT,3
2008,3,F350,PICKUP - SERVICE BODY - 4X4,5,5800.0,10/30/2018,TRUCK - LIGHT,1
2008,3,F350,PICKUP - SERVICE BODY - 4X4,11,12625.0,07/15/2020,TRUCK - LIGHT,1
2008,3,F350,PICKUP - SERVICE BODY - 4X4,11,19700.0,06/20/2018,TRUCK - LIGHT,1
2008,3,F350,PICKUP - ANIMAL CONTROL BODY,5,6920.0,12/13/2018,TRUCK - LIGHT,3
2008,3,F350,PICKUP - DUMP BODY - DROP IN,4,20000.0,09/10/2020,TRUCK - LIGHT,1
2008,3,F450,PICKUP - DUMP BODY - CLASS 4,4,20600.0,05/17/2019,TRUCK - DUMP TRUCK,1
2008,3,F450,PICKUP - SERVICE BODY - CLASS 4,13,9301.0,11/20/2019,TRUCK - HEAVY,1
2008,3,F450,PICKUP - SERVICE BODY - CLASS 4,13,16411.0,03/29/2018,TRUCK - HEAVY,3
2008,3,F450,PICKUP - DUMPING FLATBED - CLASS 4,11,28000.0,08/09/2018,TRUCK - DUMPING FLATBED,1
2008,3,RANGER,COMPACT PICKUP,4,4349.0,03/29/2018,TRUCK - LIGHT,3
2008,3,RANGER,COMPACT PICKUP,4,4950.0,05/17/2019,TRUCK - LIGHT,3
2008,3,RANGER,COMPACT PICKUP,4,7687.0,08/16/2018,TRUCK - LIGHT,3
2008,3,RANGER,COMPACT PICKUP,4,8250.0,12/13/2018,TRUCK - LIGHT,3
2008,3,RANGER,COMPACT PICKUP,5,6001.0,05/02/2019,TRUCK - LIGHT,3
2008,3,RANGER,COMPACT PICKUP,11,3651.0,03/06/2019,TRUCK - LIGHT,3
2008,3,RANGER,COMPACT PICKUP,11,4025.0,09/03/2019,TRUCK - LIGHT,3
2008,3,RANGER,COMPACT PICKUP,11,4600.0,03/06/2019,TRUCK - LIGHT,3
2008,3,RANGER,COMPACT PICKUP,11,5300.0,03/06/2019,TRUCK - LIGHT,3
2008,3,RANGER,COMPACT PICKUP,13,5800.0,01/25/2019,TRUCK - LIGHT,3
2008,3,RANGER,COMPACT PICKUP,13,5800.0,03/13/2020,TRUCK - LIGHT,3
2008,3,RANGER,COMPACT PICKUP,13,6600.0,11/20/2019,TRUCK - LIGHT,3
2008,3,RANGER,PICKUP COMPACT,11,6300.0,07/15/2020,TRUCK - LIGHT,3
2008,3,ECONOLINE,PASSENGER VAN,4,7220.0,11/21/2018,VAN,3
2008,3,ECONOLINE,PASSENGER VAN,4,7406.0,01/25/2019,VAN,3
2008,3,ECONOLINE,PASSENGER VAN,4,9310.0,01/25/2019,VAN,3
2008,3,ECONOLINE,PASSENGER VAN,4,9900.0,02/27/2019,VAN,3
2008,3,ECONOLINE,PASSENGER VAN,4,10105.0,01/25/2019,VAN,3
2008,3,ESCAPE HYBRID,COMPACT SUV - HYBRID,2,4450.0,03/06/2019,SUV - SML - HYBRID,3
2008,3,ESCAPE HYBRID,COMPACT SUV - HYBRID,4,4700.0,07/02/2019,SUV - SML - HYBRID,3
2008,3,ESCAPE HYBRID,COMPACT SUV - HYBRID,10,5200.0,05/02/2018,SUV - MED - HYBRID,3
2008,3,ESCAPE HYBRID,COMPACT SUV - HYBRID,11,5652.0,02/15/2018,SUV - MED - HYBRID,3
2008,3,ESCAPE HYBRID,COMPACT SUV - HYBRID,11,6600.0,02/15/2018,SUV - MED - HYBRID,3
2008,3,ESCAPE HYBRID,COMPACT SUV - HYBRID - 4X4,5,4511.0,09/04/2019,SUV - SML - HYBRID,3
2008,3,ESCAPE HYBRID,COMPACT SUV - HYBRID - 4X4,8,4550.0,06/09/2020,SUV - SML - HYBRID,3
2008,3,ESCAPE HYBRID,COMPACT SUV - HYBRID - 4X4,9,5700.0,05/02/2018,SUV - MED - HYBRID,3
2008,3,ESCAPE HYBRID,COMPACT SUV - HYBRID - 4X4,9,6115.0,03/29/2018,SUV - MED - HYBRID,3
2008,3,ESCAPE HYBRID,COMPACT SUV - HYBRID - 4X4,9,6300.0,03/07/2018,SUV - MED - HYBRID,3
2008,3,ESCAPE HYBRID,COMPACT SUV - HYBRID - 4X4,11,1475.0,04/11/2019,SUV - SML - HYBRID,3
2008,3,ESCAPE HYBRID,COMPACT SUV - HYBRID - 4X4,11,7200.0,05/02/2018,SUV - MED - HYBRID,3
2008,3,ESCAPE HYBRID,COMPACT SUV - HYBRID - 4X4,12,3250.0,07/02/2019,SUV - SML - HYBRID,3
2008,3,ESCAPE HYBRID,COMPACT SUV - HYBRID - 4X4,12,3750.0,06/09/2020,SUV - SML - HYBRID,3
2008,3,ESCAPE HYBRID,COMPACT SUV - HYBRID - 4X4,12,4511.0,12/23/2019,SUV - SML - HYBRID,3
2008,3,ESCAPE HYBRID,COMPACT SUV - HYBRID - 4X4,12,4576.0,08/20/2019,SUV - SML - HYBRID,3
2008,3,ESCAPE HYBRID,COMPACT SUV - HYBRID - 4X4,12,5410.0,09/17/2019,SUV - SML - HYBRID,3
2008,3,ESCAPE HYBRID,COMPACT SUV - HYBRID - 4X4,12,5500.0,08/20/2019,SUV - SML - HYBRID,3
2008,3,ESCAPE HYBRID,COMPACT SUV - HYBRID - 4X4,12,5600.0,08/07/2019,SUV - SML - HYBRID,3
2008,3,ESCAPE HYBRID,COMPACT SUV - HYBRID - 4X4,12,5900.0,10/07/2019,SUV - SML - HYBRID,3
2008,3,ESCAPE HYBRID,COMPACT SUV - HYBRID - 4X4,12,5936.0,11/21/2018,SUV - SML - HYBRID,3
2008,3,ESCAPE HYBRID,COMPACT SUV - HYBRID - 4X4,12,5955.0,10/07/2019,SUV - SML - HYBRID,3
2008,3,ESCAPE HYBRID,COMPACT SUV - HYBRID - 4X4,12,6010.0,09/17/2019,SUV - SML - HYBRID,3
2008,3,ESCAPE HYBRID,COMPACT SUV - HYBRID - 4X4,12,6600.0,08/20/2019,SUV - SML - HYBRID,3
2008,3,ESCAPE HYBRID,COMPACT SUV - HYBRID - 4X4,12,6600.0,10/07/2019,SUV - SML - HYBRID,3
2008,3,ESCAPE HYBRID,COMPACT SUV - HYBRID - 4X4,12,6900.0,08/20/2019,SUV - SML - HYBRID,3
2008,3,ESCAPE HYBRID,COMPACT SUV - HYBRID - 4X4,12,7000.0,03/09/2021,SUV - SML - HYBRID,3
2008,3,ESCAPE HYBRID,COMPACT SUV - HYBRID - 4X4,12,7026.99,01/31/2020,SUV - SML - HYBRID,3
2008,3,ESCAPE HYBRID,COMPACT SUV - HYBRID - 4X4,12,7050.0,11/14/2019,SUV - SML - HYBRID,3
2008,3,ESCAPE HYBRID,COMPACT SUV - HYBRID - 4X4,12,7401.0,11/14/2019,SUV - SML - HYBRID,3
2008,3,ESCAPE HYBRID,COMPACT SUV - HYBRID - 4X4,12,7453.0,09/17/2019,SUV - SML - HYBRID,3
2008,3,ESCAPE HYBRID,COMPACT SUV - HYBRID - 4X4,12,7825.0,05/02/2019,SUV - SML - HYBRID,3
2008,3,ESCAPE HYBRID,COMPACT SUV - HYBRID - 4X4,12,7850.0,08/20/2019,SUV - SML - HYBRID,3
2008,3,CROWN VICTORIA,PATROL CAR,9,2150.0,03/29/2018,SEDAN - PATROL,3
2008,3,CROWN VICTORIA,PATROL CAR,9,2250.0,10/30/2018,SEDAN - PATROL,3
2008,3,CROWN VICTORIA,PATROL CAR,9,4158.0,09/04/2018,SEDAN - PATROL,3
2008,3,CROWN VICTORIA,PATROL CAR,9,4550.0,08/16/2018,SEDAN - PATROL,3
2008,3,CROWN VICTORIA,FULLSIZE SEDAN,9,2475.0,05/02/2019,SEDAN - PATROL,3
2008,3,CROWN VICTORIA,FULLSIZE SEDAN,9,2550.0,12/27/2018,SEDAN - PATROL,3
2008,4,INTERCEPTOR III,PEO SCOOTER,9,3300.0,09/03/2019,SCOOTER,3
2008,10,MAGNUM,FULLSIZE STATION WAGON,10,12700.0,05/03/2019,SEDAN - LRG,3
2008,10,SPRINTER,PRISONER VAN - SPRINTER,9,15800.0,07/15/2020,VAN,1
2008,10,SPRINTER,PRISONER VAN - SPRINTER,9,16102.0,07/20/2020,VAN,1
2008,23,PRIUS,SEDAN COMPACT HYBRID,5,4400.0,10/29/2020,SEDAN - SML - HYBRID,3
2008,23,PRIUS,SEDAN COMPACT HYBRID,5,4600.0,11/14/2019,SEDAN - SML - HYBRID,3
2008,23,PRIUS,SEDAN COMPACT HYBRID,9,6770.0,09/17/2019,SEDAN - SML - HYBRID,3
2008,23,PRIUS,COMPACT SEDAN - HYBRID,4,5200.0,04/11/2019,SEDAN - SML - HYBRID,3
2008,23,PRIUS,COMPACT SEDAN - HYBRID,4,5868.0,03/28/2019,SEDAN - SML - HYBRID,3
2008,23,PRIUS,COMPACT SEDAN - HYBRID,4,6600.0,12/13/2018,SEDAN - SML - HYBRID,3
2008,23,PRIUS,COMPACT SEDAN - HYBRID,5,7700.0,09/04/2018,SEDAN - SML - HYBRID,3
2008,23,PRIUS,COMPACT SEDAN - HYBRID,9,7400.0,07/02/2019,SEDAN - SML - HYBRID,3
2008,23,PRIUS,COMPACT SEDAN - HYBRID,9,7500.0,10/05/2018,SEDAN - SML - HYBRID,3
2008,23,PRIUS,COMPACT SEDAN - HYBRID,13,5100.0,09/17/2019,SEDAN - SML - HYBRID,3
2008,23,PRIUS,COMPACT SEDAN - HYBRID,13,5100.0,12/27/2018,SEDAN - SML - HYBRID,3
2008,23,HIGHLANDER,MIDSIZE SUV - HYBRID,9,5100.0,07/14/2020,SUV - MED - HYBRID,3
2008,23,PRIUS - CONVERTED TO PLUGIN,SEDAN COMPACT HYBRID PLUG IN ELECTRIC,5,5150.0,07/02/2019,SEDAN - SML - PHEV,3
2008,27,ED150,EXCAVATOR - 18 TON DOZER BLADE,11,50000.0,06/21/2019,EXCAVATOR,1
2008,36,IMPALA,MIDSIZE SEDAN,9,3090.0,06/27/2019,SEDAN - MED,3
2008,36,IMPALA,MIDSIZE SEDAN,9,3250.0,11/14/2019,SEDAN - MED,3
2008,36,IMPALA,MIDSIZE SEDAN,9,5115.0,07/15/2020,SEDAN - MED,3
2008,36,UPLANDER,CARGO MINIVAN,11,1400.0,12/27/2018,VAN - MINIVAN,3
2008,36,COLORADO 4X4,COMPACT PICKUP - 4X4,5,6850.0,07/15/2020,TRUCK - LIGHT,3
2008,36,COLORADO 4X4,COMPACT PICKUP - 4X4,13,8900.0,12/27/2018,TRUCK - LIGHT,3
2008,36,COLORADO 4X4,COMPACT PICKUP - CREW CAB - 4X4,11,7300.0,03/06/2019,TRUCK - LIGHT,3
2008,36,COLORADO 4X4,COMPACT PICKUP - CREW CAB - 4X4,11,9900.0,06/09/2020,TRUCK - LIGHT,3
2008,37,335,TRUCK - DUMPING FLATBED - CRANE,13,35100.0,11/20/2019,TRUCK - DUMPING FLATBED,1
2008,37,335,TRUCK - FLATBED - CRANE - CLASS 7,13,36768.88,12/23/2019,TRUCK - FLATBED,1
2008,37,340,SOLID WASTE TRUCK,11,65000.0,10/19/2018,TRUCK - HEAVY,1
2008,37,340,TRUCK - 6 YD DUMP - CLASS 8,4,42100.0,09/04/2018,TRUCK - DUMP TRUCK,1
2008,37,367,TRUCK - 10 YD DUMP - CLASS 8,4,60300.0,04/19/2021,TRUCK - DUMP TRUCK,1
2008,39,5425,TRACTOR,4,30663.32,05/02/2019,MOWER,1
2008,39,5425,TRACTOR,4,33000.0,06/11/2019,MOWER,1
2008,39,6430,TRACTOR,4,29199.0,12/13/2018,TRACTOR,1
2008,39,6430,TRACTOR,4,60250.0,05/03/2019,TRACTOR,1
2008,39,410J TMC,BACKHOE LOADER - 18475 LB - BREAKER,11,27000.0,06/21/2019,LOADER - BACKHOE,1
2008,39,410J TMC,BACKHOE LOADER - 18475 LB - BREAKER,11,36000.0,06/21/2019,LOADER - BACKHOE,1
2008,39,ZTRAK M665,"MOWER - 60"" ROTARY",4,3050.0,04/19/2021,MOWER,3
2008,39,110 TRACTOR/LOADER/BACKHOE,TRACTOR - LOADER - BACKHOE,4,39887.0,06/11/2019,TRACTOR - LOADER,1
2008,44,4300 SBA HYBRID,CAR CARRIER,5,39700.0,01/25/2019,TRUCK - HEAVY - HYBRID,1
2008,44,4300 SBA HYBRID,TRUCK - HYBRID - FLATBED - CLASS 7,13,14800.0,11/20/2019,TRUCK - HEAVY - HYBRID,1
2008,52,MIGHT E TRUCK JR,ELECTRIC TRUCK - PICKUP BOX,4,6700.0,06/20/2018,TRUCK - LIGHT - ELECTRIC,2
2009,1,YUKON,FULLSIZE SUV - 4X4,9,10400.0,02/15/2018,SUV - LRG,3
2009,1,YUKON,SUV - FULL SIZE - 4WD,8,8800.0,09/10/2020,SUV - LRG,3
2009,3,E350,CARGO VAN,11,5552.0,01/06/2021,VAN,1
2009,3,E350,CARGO VAN - HVAC,5,15200.0,12/03/2020,VAN,1
2009,3,E350,CARGO VAN - HVAC,5,16250.0,10/29/2020,VAN,1
2009,3,E350,VAN CARGO - SCADA,11,10511.0,12/03/2020,VAN,1
2009,3,E350,CUTAWAY VAN - SPARTAN BODY,5,20199.0,05/02/2018,VAN,3
2009,3,E450,MEDIC AID VAN - NEW BODY,8,3951.0,10/07/2019,MEDIC UNIT,1
2009,3,E450,MEDIC AID VAN - NEW BODY,8,7000.0,03/09/2021,MEDIC UNIT,1
2009,3,E450,PASSENGER - AIRPORTER VAN - WHEELCHAIR L,4,14250.0,01/06/2021,VAN,1
2009,3,F250,PICKUP,11,3350.0,09/10/2020,TRUCK - LIGHT,1
2009,3,F250,PICKUP,11,10200.0,01/25/2019,TRUCK - LIGHT,1
2009,3,F250,PICKUP,11,10700.0,08/06/2020,TRUCK - LIGHT,1
2009,3,F250,PICKUP - CREW CAB - 4X4,11,18100.0,04/19/2021,TRUCK - LIGHT,1
2009,3,F350,PICKUP 2WD,11,10050.0,06/09/2020,TRUCK - LIGHT,1
2009,3,F350,PICKUP - FLATBED - WELDER,4,12400.0,12/03/2020,TRUCK - LIGHT,1
2009,3,F350,PICKUP - ANIMAL CONTROL BODY - RWD,5,10700.0,09/04/2018,TRUCK - LIGHT,1
2009,3,F350,PICKUP DUMPING FLATBED PLOW SPREADER 4X4,13,20103.0,05/02/2018,TRUCK - LIGHT,1
2009,3,ESCAPE HYBRID,COMPACT SUV - HYBRID,4,6200.0,10/29/2020,SUV - SML - HYBRID,3
2009,3,ESCAPE HYBRID,COMPACT SUV - HYBRID,12,3661.0,04/16/2020,SUV - SML - HYBRID,3
2009,3,ESCAPE HYBRID,COMPACT SUV - HYBRID,13,5425.0,11/20/2019,SUV - SML - HYBRID,3
2009,3,ESCAPE HYBRID,COMPACT SUV - HYBRID,13,6325.0,11/20/2019,SUV - SML - HYBRID,3
2009,3,ESCAPE HYBRID,SUV COMPACT HYBRID 4X4,5,6100.0,10/30/2018,SUV - SML - HYBRID,3
2009,3,ESCAPE HYBRID,SUV COMPACT HYBRID 4X4,11,8400.0,12/31/2020,SUV - SML - HYBRID,3
2009,3,ESCAPE HYBRID,COMPACT SUV - HYBRID - 4X4,1,7355.0,12/03/2020,SUV - SML - HYBRID,3
2009,3,ESCAPE HYBRID,COMPACT SUV - HYBRID - 4X4,1,7600.0,12/03/2020,SUV - SML - HYBRID,3
2009,3,ESCAPE HYBRID,COMPACT SUV - HYBRID - 4X4,5,6250.0,03/13/2020,SUV - SML - HYBRID,3
2009,3,ESCAPE HYBRID,COMPACT SUV - HYBRID - 4X4,11,4825.0,11/14/2019,SUV - SML - HYBRID,3
2009,3,ESCAPE HYBRID,COMPACT SUV - HYBRID - 4X4,12,3450.0,03/13/2020,SUV - SML - HYBRID,3
2009,3,ESCAPE HYBRID,COMPACT SUV - HYBRID - 4X4,12,4200.0,03/13/2020,SUV - SML - HYBRID,3
2009,3,ESCAPE HYBRID,COMPACT SUV - HYBRID - 4X4,12,4800.0,03/13/2020,SUV - SML - HYBRID,3
2009,3,ESCAPE HYBRID,COMPACT SUV - HYBRID - 4X4,12,5300.0,04/16/2020,SUV - SML - HYBRID,3
2009,3,ESCAPE HYBRID,COMPACT SUV - HYBRID - 4X4,12,5750.0,03/13/2020,SUV - SML - HYBRID,3
2009,3,ESCAPE HYBRID,COMPACT SUV - HYBRID - 4X4,12,5750.0,04/16/2020,SUV - SML - HYBRID,3
2009,3,ESCAPE HYBRID,COMPACT SUV - HYBRID - 4X4,12,5765.0,04/16/2020,SUV - SML - HYBRID,3
2009,3,ESCAPE HYBRID,COMPACT SUV - HYBRID - 4X4,12,5800.0,06/09/2020,SUV - SML - HYBRID,3
2009,3,ESCAPE HYBRID,COMPACT SUV - HYBRID - 4X4,12,5850.0,03/13/2020,SUV - SML - HYBRID,3
2009,3,ESCAPE HYBRID,COMPACT SUV - HYBRID - 4X4,12,5900.0,03/13/2020,SUV - SML - HYBRID,3
2009,3,ESCAPE HYBRID,COMPACT SUV - HYBRID - 4X4,12,5950.0,03/13/2020,SUV - SML - HYBRID,3
2009,3,ESCAPE HYBRID,COMPACT SUV - HYBRID - 4X4,12,6108.0,06/09/2020,SUV - SML - HYBRID,3
2009,3,ESCAPE HYBRID,COMPACT SUV - HYBRID - 4X4,12,6200.0,03/13/2020,SUV - SML - HYBRID,3
2009,3,ESCAPE HYBRID,COMPACT SUV - HYBRID - 4X4,12,6300.0,04/16/2020,SUV - SML - HYBRID,3
2009,3,ESCAPE HYBRID,COMPACT SUV - HYBRID - 4X4,12,6508.0,06/09/2020,SUV - SML - HYBRID,3
2009,3,ESCAPE HYBRID,COMPACT SUV - HYBRID - 4X4,12,6650.0,06/09/2020,SUV - SML - HYBRID,3
2009,3,ESCAPE HYBRID,COMPACT SUV - HYBRID - 4X4,13,7300.0,06/09/2020,SUV - SML - HYBRID,3
2009,3,ESCAPE HYBRID,PEO COMPACT SUV - HYBRID - 4X4,9,3633.0,03/13/2020,SUV - SML - HYBRID,3
2009,3,CROWN VICTORIA,PATROL CAR - TRAFFIC,9,2000.0,03/13/2020,SEDAN - PATROL,3
2009,4,INTERCEPTOR III,PEO SCOOTER,9,3000.0,03/07/2018,SCOOTER,3
2009,4,INTERCEPTOR III,PEO SCOOTER,9,4150.0,03/06/2019,SCOOTER,3
2009,11,MOTORCYCLE,POLICE MOTORCYCLE,9,1901.0,10/30/2018,MOTORCYCLE - PATROL,3
2009,23,CAMRY,SEDAN MIDSIZE HYBRID,5,5200.0,12/13/2018,SEDAN - MED - HYBRID,3
2009,23,CAMRY,SEDAN MIDSIZE HYBRID,5,6100.0,11/08/2018,SEDAN - MED - HYBRID,3
2009,23,CAMRY,SEDAN MIDSIZE HYBRID,9,7900.0,07/18/2019,SEDAN - MED - HYBRID,3
2009,23,CAMRY,MIDSIZE SEDAN - HYBRID,9,6200.0,07/18/2019,SEDAN - MED - HYBRID,3
2009,23,CAMRY,MIDSIZE SEDAN - HYBRID,9,6750.0,07/18/2019,SEDAN - MED - HYBRID,3
2009,23,CAMRY,MIDSIZE SEDAN - HYBRID,9,7000.0,07/18/2019,SEDAN - MED - HYBRID,3
2009,23,CAMRY,MIDSIZE SEDAN - HYBRID,9,7200.0,10/29/2020,SEDAN - MED - HYBRID,3
2009,23,CAMRY,MIDSIZE SEDAN - HYBRID,9,7800.0,07/18/2019,SEDAN - MED - HYBRID,3
2009,23,CAMRY,SEDAN MIDSIZE - HYBRID,9,5000.0,08/07/2019,SEDAN - MED - HYBRID,3
2009,23,PRIUS,COMPACT SEDAN - HYBRID,5,8077.77,09/30/2020,SEDAN - SML - HYBRID,3
2009,23,PRIUS,COMPACT SEDAN - HYBRID,9,7200.0,03/13/2020,SEDAN - SML - HYBRID,3
2009,23,PRIUS,COMPACT SEDAN - HYBRID,9,7550.0,12/03/2020,SEDAN - SML - HYBRID,3
2009,23,PRIUS,COMPACT SEDAN - HYBRID,11,5386.0,12/31/2020,SEDAN - SML - HYBRID,3
2009,23,PRIUS,COMPACT SEDAN - HYBRID,11,6700.0,06/09/2020,SEDAN - SML - HYBRID,3
2009,23,PRIUS,COMPACT SEDAN - HYBRID,13,6600.0,12/31/2020,SEDAN - SML - HYBRID,3
2009,23,PRIUS,SEDAN COMPACT - HYBRID,11,4705.0,12/31/2020,SEDAN - SML - HYBRID,3
2009,36,COLORADO 4X4,COMPACT PICKUP - 4X4,11,7600.0,10/29/2020,TRUCK - LIGHT,3
2009,37,320,TRUCK - EDUCTOR - VAC CON,11,38100.0,02/27/2019,TRUCK - EDUCTOR,1
2009,37,320,TRUCK - EDUCTOR - VAC CON,11,51000.0,08/09/2018,TRUCK - EDUCTOR,1
2009,37,320,TRUCK - EDUCTOR - VAC CON,11,80000.0,02/22/2019,TRUCK - EDUCTOR,1
2009,37,335,TRUCK - REFUSE PACKER - CLASS 7,4,25500.0,10/29/2020,TRUCK - REFUSE PACKER,1
2009,37,335,TRUCK - REFUSE PACKER - CLASS 7,4,34600.0,05/09/2018,TRUCK - REFUSE PACKER,1
2009,37,335,TRUCK - REFUSE PACKER - CLASS 7,4,36000.0,07/18/2018,TRUCK - REFUSE PACKER,1
2009,37,367,SOLID WASTE TRUCK TRACTOR - CLASS 8,11,45000.0,08/22/2019,TRUCK - HEAVY,1
2009,38,T3-001-111-10C,PEO ELECTRIC PERSONAL MOBILITY DEVICE,9,385.0,10/30/2018,PERSONAL MOBILITY DEVICE - ELE,2
2009,38,T3-001-111-10C,PEO ELECTRIC PERSONAL MOBILITY DEVICE,9,1575.0,09/04/2018,PERSONAL MOBILITY DEVICE - ELE,2
2010,3,E350,PASSENGER VAN,4,12550.0,03/09/2021,VAN,3
2010,3,E350,VAN PASSENGER,4,10750.0,03/09/2021,VAN,3
2010,3,E450,PASSENGER VAN,9,2025.0,07/02/2019,VAN,3
2010,3,F250,PICKUP - 4X4,11,6150.0,03/09/2021,TRUCK - LIGHT,1
2010,3,F250,PICKUP - 4X4,11,8601.0,08/22/2018,TRUCK - LIGHT,1
2010,3,F350,PICKUP - FLATBED - CLASS 4,4,5800.0,03/13/2020,TRUCK - LIGHT,1
2010,3,F350,PICKUP - FLATBED - CLASS 4,13,7900.0,09/10/2020,TRUCK - LIGHT,1
2010,3,F450,PICKUP - CLASS 4,4,9951.0,03/06/2019,TRUCK - HEAVY,1
2010,3,ESCAPE HYBRID,COMPACT SUV - HYBRID - 4X4,11,2850.0,12/31/2020,SUV - SML - HYBRID,3
2010,3,CROWN VICTORIA,PATROL CAR,9,1827.77,09/10/2020,SEDAN - PATROL,3
2010,3,CROWN VICTORIA,PATROL CAR,9,2026.0,05/02/2018,SEDAN - PATROL,3
2010,3,CROWN VICTORIA,PATROL CAR,9,2213.88,06/11/2019,SEDAN - PATROL,3
2010,3,CROWN VICTORIA,PATROL CAR,9,2550.0,06/11/2019,SEDAN - PATROL,3
2010,3,CROWN VICTORIA,PATROL CAR,9,2700.0,03/09/2021,SEDAN - PATROL,3
2010,3,CROWN VICTORIA,PATROL CAR,9,3050.0,04/05/2018,SEDAN - PATROL,3
2010,3,CROWN VICTORIA,FULLSIZE SEDAN,9,4808.0,04/11/2019,SEDAN - PATROL,3
2010,3,CROWN VICTORIA,FULLSIZE SEDAN,9,6300.0,05/02/2018,SEDAN - PATROL,3
2010,4,INTERCEPTOR III,PEO SCOOTER,9,1775.0,03/07/2018,SCOOTER,3
2010,4,INTERCEPTOR III,PEO SCOOTER,9,2200.0,03/07/2018,SCOOTER,3
2010,4,INTERCEPTOR III,PEO SCOOTER,9,2375.0,05/02/2018,SCOOTER,3
2010,4,INTERCEPTOR III,PEO SCOOTER,9,2920.0,03/07/2018,SCOOTER,3
2010,4,INTERCEPTOR III,PEO SCOOTER,9,3450.0,10/30/2018,SCOOTER,3
2010,4,INTERCEPTOR III,PEO SCOOTER,9,5100.0,04/16/2020,SCOOTER,3
2010,4,INTERCEPTOR III,PEO SCOOTER,9,5100.0,06/25/2018,SCOOTER,3
2010,4,INTERCEPTOR III,PEO SCOOTER,9,5400.0,03/13/2020,SCOOTER,3
2010,7,30607A,MOWER - 11` ROTARY,4,15496.0,02/15/2018,MOWER,1
2010,7,WORKMAN HDX-D 4WD,UTILITY VEHICLE 4 WHEEL,4,7656.0,06/11/2019,UTILITY VEHICLE,1
2010,22,I2,PERSONAL MOBILITY DEVICE ELECTRIC,5,825.0,10/29/2020,PERSONAL MOBILITY DEVICE - ELE,2
2010,23,CAMRY,MIDSIZE SEDAN - HYBRID,9,6551.0,12/03/2020,SEDAN - MED - HYBRID,3
2010,23,PRIUS,SEDAN COMPACT HYBRID,5,6000.0,01/06/2021,SEDAN - SML - HYBRID,3
2010,23,PRIUS,SEDAN COMPACT HYBRID,5,6577.3,10/29/2020,SEDAN - SML - HYBRID,3
2010,23,PRIUS,COMPACT SEDAN - HYBRID,4,8100.0,09/30/2020,SEDAN - SML - HYBRID,3
2010,34,T800B,SOLID WASTE CLASS 8,11,55400.0,10/07/2019,TRUCK - HEAVY,1
2010,34,T800B,SOLID WASTE TRUCK TRACTOR - CLASS 8,11,38750.0,11/05/2019,TRUCK - HEAVY,1
2010,34,T800B,SOLID WASTE TRUCK TRACTOR - CLASS 8,11,75000.0,08/22/2019,TRUCK - HEAVY,1
2010,36,IMPALA,SEDAN MIDSIZE,9,1000.0,12/27/2018,SEDAN - MED,3
2010,36,IMPALA,SEDAN MIDSIZE,9,1475.0,07/02/2019,SEDAN - MED,3
2010,36,COLORADO,COMPACT PICKUP,4,3950.0,10/07/2019,TRUCK - LIGHT,3
2010,36,COLORADO,COMPACT PICKUP,5,12300.0,12/31/2020,TRUCK - LIGHT,3
2010,36,COLORADO,PEO COMPACT PICKUP,9,7200.0,03/09/2021,TRUCK - LIGHT,3
2010,37,320,TRUCK - ASPHALT DISTRIBUTOR - CLASSS 8,13,30101.0,12/31/2020,TRUCK - HEAVY,1
2010,37,340,TRUCK - EDUCTOR - VAC CON,11,130111.0,11/11/2020,TRUCK - EDUCTOR,1
2010,37,367,TRUCK - 12 YD DUMP - CLASS 8,11,105000.0,02/22/2019,TRUCK - DUMP TRUCK,1
2010,39,318D,SOLID WASTE SKID STEER LOADER,11,9100.0,12/23/2019,LOADER - SKID STEER,1
2011,3,F150,PICKUP - CREW CAB - 4WD,8,12602.0,12/31/2020,TRUCK - LIGHT,3
2011,3,F450,EMERGENCY TRUCK,13,26750.0,05/03/2019,TRUCK - HEAVY,1
2011,3,CROWN VICTORIA,PATROL CAR,9,400.0,06/25/2018,SEDAN - PATROL,3
2011,3,CROWN VICTORIA,PATROL CAR,9,510.0,12/13/2018,SEDAN - PATROL,3
2011,3,CROWN VICTORIA,PATROL CAR,9,575.0,07/02/2019,SEDAN - PATROL,3
2011,3,CROWN VICTORIA,PATROL CAR,9,980.0,01/06/2021,SEDAN - PATROL,3
2011,3,CROWN VICTORIA,PATROL CAR,9,1250.0,12/27/2018,SEDAN - PATROL,3
2011,3,CROWN VICTORIA,PATROL CAR,9,1325.0,12/27/2018,SEDAN - PATROL,3
2011,3,CROWN VICTORIA,PATROL CAR,9,1400.0,03/13/2020,SEDAN - PATROL,3
2011,3,CROWN VICTORIA,PATROL CAR,9,1580.0,03/06/2019,SEDAN - PATROL,3
2011,3,CROWN VICTORIA,PATROL CAR,9,1625.0,03/06/2019,SEDAN - PATROL,3
2011,3,CROWN VICTORIA,PATROL CAR,9,1675.0,05/17/2019,SEDAN - PATROL,3
2011,3,CROWN VICTORIA,PATROL CAR,9,1826.0,01/25/2018,SEDAN - PATROL,3
2011,3,CROWN VICTORIA,PATROL CAR,9,1850.0,12/27/2018,SEDAN - PATROL,3
2011,3,CROWN VICTORIA,PATROL CAR,9,1888.0,09/30/2020,SEDAN - PATROL,3
2011,3,CROWN VICTORIA,PATROL CAR,9,1925.0,03/06/2019,SEDAN - PATROL,3
2011,3,CROWN VICTORIA,PATROL CAR,9,2001.0,03/13/2020,SEDAN - PATROL,3
2011,3,CROWN VICTORIA,PATROL CAR,9,2050.0,07/02/2019,SEDAN - PATROL,3
2011,3,CROWN VICTORIA,PATROL CAR,9,2070.0,09/30/2020,SEDAN - PATROL,3
2011,3,CROWN VICTORIA,PATROL CAR,9,2125.0,12/31/2020,SEDAN - PATROL,3
2011,3,CROWN VICTORIA,PATROL CAR,9,2350.0,03/09/2021,SEDAN - PATROL,3
2011,3,CROWN VICTORIA,PATROL CAR,9,2375.0,09/10/2020,SEDAN - PATROL,3
2011,3,CROWN VICTORIA,PATROL CAR,9,2477.0,12/13/2018,SEDAN - PATROL,3
2011,3,CROWN VICTORIA,PATROL CAR,9,2525.0,01/06/2021,SEDAN - PATROL,3
2011,3,CROWN VICTORIA,PATROL CAR,9,2525.0,03/07/2018,SEDAN - PATROL,3
2011,3,CROWN VICTORIA,PATROL CAR,9,2654.0,06/11/2019,SEDAN - PATROL,3
2011,3,CROWN VICTORIA,PATROL CAR,9,2725.0,01/06/2021,SEDAN - PATROL,3
2011,3,CROWN VICTORIA,PATROL CAR,9,2750.0,03/09/2021,SEDAN - PATROL,3
2011,3,CROWN VICTORIA,PATROL CAR,9,2750.0,05/09/2018,SEDAN - PATROL,3
2011,3,CROWN VICTORIA,PATROL CAR,9,2800.0,03/09/2021,SEDAN - PATROL,3
2011,3,CROWN VICTORIA,PATROL CAR,9,2801.0,01/06/2021,SEDAN - PATROL,3
2011,3,CROWN VICTORIA,PATROL CAR,9,2850.0,10/29/2020,SEDAN - PATROL,3
2011,3,CROWN VICTORIA,PATROL CAR,9,2851.0,09/30/2020,SEDAN - PATROL,3
2011,3,CROWN VICTORIA,PATROL CAR,9,2925.0,01/06/2021,SEDAN - PATROL,3
2011,3,CROWN VICTORIA,PATROL CAR,9,2951.0,03/09/2021,SEDAN - PATROL,3
2011,3,CROWN VICTORIA,PATROL CAR,9,3100.0,10/29/2020,SEDAN - PATROL,3
2011,3,CROWN VICTORIA,PATROL CAR,9,3150.0,04/19/2021,SEDAN - PATROL,3
2011,3,CROWN VICTORIA,PATROL CAR,9,3150.0,05/17/2019,SEDAN - PATROL,3
2011,3,CROWN VICTORIA,PATROL CAR,9,3300.0,07/15/2020,SEDAN - PATROL,3
2011,3,CROWN VICTORIA,PATROL CAR,9,3300.0,09/30/2020,SEDAN - PATROL,3
2011,3,CROWN VICTORIA,PATROL CAR,9,3411.0,09/10/2020,SEDAN - PATROL,3
2011,3,CROWN VICTORIA,PATROL CAR,9,3605.0,09/30/2020,SEDAN - PATROL,3
2011,3,CROWN VICTORIA,PATROL CAR K9,9,2185.99,07/18/2019,SEDAN - PATROL,3
2011,3,CROWN VICTORIA,PATROL CAR K9,9,2550.0,03/09/2021,SEDAN - PATROL,3
2011,3,CROWN VICTORIA,PATROL CAR -1/2 CAGE,9,2325.0,06/20/2018,SEDAN - PATROL,3
2011,3,TRANSIT CONNECT,PEO MINIVAN CARGO,9,5300.0,02/15/2018,VAN - MINIVAN,3
2011,4,INTERCEPTOR III,PEO SCOOTER,9,2340.0,06/11/2019,SCOOTER,3
2011,4,INTERCEPTOR III,PEO SCOOTER,9,2675.0,01/25/2019,SCOOTER,3
2011,4,INTERCEPTOR III,PEO SCOOTER,9,3001.0,01/25/2019,SCOOTER,3
2011,4,INTERCEPTOR III,PEO SCOOTER,9,3317.0,06/11/2019,SCOOTER,3
2011,4,INTERCEPTOR III,PEO SCOOTER,9,3897.0,11/08/2018,SCOOTER,3
2011,4,INTERCEPTOR III,PEO SCOOTER,9,4100.0,10/30/2018,SCOOTER,3
2011,4,INTERCEPTOR III,PEO SCOOTER,9,4150.0,12/27/2018,SCOOTER,3
2011,7,GROUNDSMASTER 4010 D,MOWER - 11` ROTARY,4,12156.0,07/18/2018,MOWER,1
2011,7,GROUNDSMASTER 4010 D,MOWER - 11` ROTARY,4,15725.0,08/16/2018,MOWER,1
2011,21,LEAF,SEDAN SUBCOMPACT ELECTRIC,5,4900.0,12/03/2020,SEDAN - SML - ELECTRIC,2
2011,21,LEAF,SEDAN SUBCOMPACT ELECTRIC,11,5300.0,07/20/2020,SEDAN - SML - ELECTRIC,2
2011,33,CONCOURS 14P ABS POLICE ED,POLICE MOTORCYCLE,9,3550.0,12/13/2018,MOTORCYCLE - PATROL,3
2011,36,TAHOE POLICE PURSUIT VEHICLE,PATROL CAR SUV 2WD - SPD TEST 5,9,4600.0,01/06/2021,SUV - LRG,3
2011,39,TRACTOR,JD5085MTRACTOR,11,32250.0,09/01/2020,TRACTOR,1
2011,45,SPRINTER,VAN CARGO CAMERA WITH GENERATOR 313841,11,17805.0,05/03/2019,VAN,1
2012,3,F450,PICKUP - FLATBED - EMERGENCY RESPONSE,13,20500.0,05/02/2019,TRUCK - FLATBED,1
2012,3,ESCAPE,SUV COMPACT 4X4,4,6562.87,01/25/2019,SUV - SML,3
2012,3,TRANSIT CONNECT,MINIVAN CARGO,11,10252.0,06/09/2020,VAN - MINIVAN,3
2012,10,CHARGER,PATROL CAR SEDAN 2WD - SPD TEST 6,9,3002.0,09/04/2019,SEDAN - PATROL,3
2012,24,CARRYALL2,CLUB CAR 48 VOLT ELECTRIC W/IQ PLUS SYST,2,2050.0,05/17/2019,GOLF CART - ELECTRIC,2
2012,24,CARRYALL2,CLUB CAR 48 VOLT ELECTRIC W/IQ PLUS SYST,2,2350.0,05/03/2019,GOLF CART - ELECTRIC,2
2012,28,R12XE76AD,ATV OFF ROAD UASI GRANT FUNDED,9,10350.0,06/09/2020,UTILITY VEHICLE,3
2012,31,COMMANDER 1,POLICE MOTORCYCLE,9,7100.0,11/08/2018,MOTORCYCLE - PATROL,3
2012,36,IMPALA,PATROL CAR SEDAN 2WD - SPD TEST 4,9,4502.0,06/11/2019,SEDAN - PATROL,3
2012,36,COLORADO,PICKUP COMPACT 4X4 EXTENDED CAB,11,8400.0,09/04/2018,TRUCK - LIGHT,3
2012,51,FIREFLY,PEO SCOOTER ELECTRIC,9,351.0,09/03/2019,SCOOTER - ELECTRIC,2
2012,51,FIREFLY,PEO SCOOTER ELECTRIC,9,401.0,09/03/2019,SCOOTER - ELECTRIC,2
2013,2,590SN,BACKHOE LOADER 4X4,13,47600.0,12/31/2020,LOADER - BACKHOE,1
2013,3,E350,VAN PASSENGER,4,13350.0,03/09/2021,VAN,3
2013,3,E350,VAN PASSENGER,4,15351.0,04/19/2021,VAN,3
2013,3,E350,VAN PASSENGER,4,15400.0,04/19/2021,VAN,3
2013,3,F250,PICKUP 2WD SUPER CAB,4,22100.0,04/19/2021,TRUCK - LIGHT,1
2013,3,TRANSIT CONNECT,MINIVAN CARGO,7,9400.0,05/03/2019,VAN - MINIVAN,3
2013,3,TRANSIT CONNECT,MINIVAN CARGO,11,4350.0,10/29/2020,VAN - MINIVAN,3
2013,3,TRANSIT CONNECT,MINIVAN PASSENGER,4,10600.0,10/29/2020,VAN - MINIVAN,3
2013,3,POLICE INTERCEPTOR UTILITY,PATROL UTILITY 4WD - SPD TEST 2,9,10507.0,02/28/2018,SUV - PATROL,3
2013,4,INTERCEPTOR IV,PEO SCOOTER,9,1025.0,04/19/2021,SCOOTER,3
2013,9,BW145-40,ROLLER VIBRATORY 56`` WIDE,4,33600.0,02/25/2021,ROLLER,1
2013,23,PRIUS,SEDAN COMPACT HYBRID,4,8100.0,01/06/2021,SEDAN - SML - HYBRID,3
2013,23,PRIUS,SEDAN COMPACT HYBRID,4,10000.0,03/09/2021,SEDAN - SML - HYBRID,3
2013,23,PRIUS,SEDAN COMPACT HYBRID,5,11000.0,09/30/2020,SEDAN - SML - HYBRID,3
2013,23,PRIUS,SEDAN COMPACT HYBRID,11,10969.0,06/09/2020,SEDAN - SML - HYBRID,3
2013,51,FIREFLY,PEO SCOOTER ELECTRIC,9,1375.0,07/02/2019,SCOOTER - ELECTRIC,1
2013,51,FIREFLY ESV-ER EXTENDED RANGE,PEO SCOOTER ELECTRIC,9,385.0,12/23/2019,SCOOTER - ELECTRIC,1
2014,3,ESCAPE,SUV COMPACT 4X4,2,5450.0,06/25/2018,SUV - SML,3
2014,3,C-MAX HYBRID,SEDAN COMPACT HYBRID,4,9100.0,03/09/2021,SEDAN - SML - HYBRID,3
2014,3,C-MAX HYBRID,SEDAN COMPACT HYBRID,12,4150.0,03/09/2021,SEDAN - SML - HYBRID,3
2014,3,TRANSIT CONNECT,MINIVAN CARGO - WATER LAB TECH,11,7556.0,07/15/2020,VAN - MINIVAN,3
2014,3,POLICE INTERCEPTOR UTILITY,PATROL UTILITY 4WD,9,335.0,09/03/2019,SUV - PATROL,3
2014,3,POLICE INTERCEPTOR UTILITY,PATROL UTILITY 4WD,9,425.0,03/09/2021,SUV - PATROL,3
2014,3,POLICE INTERCEPTOR UTILITY,PATROL UTILITY 4WD,9,510.0,03/06/2019,SUV - PATROL,3
2014,3,POLICE INTERCEPTOR UTILITY,PATROL UTILITY 4WD,9,1025.0,03/06/2019,SUV - PATROL,3
2014,3,POLICE INTERCEPTOR UTILITY,PATROL UTILITY 4WD,9,1175.0,09/03/2019,SUV - PATROL,3
2014,3,POLICE INTERCEPTOR UTILITY,PATROL UTILITY 4WD,9,1260.0,11/14/2019,SUV - PATROL,3
2014,3,POLICE INTERCEPTOR UTILITY,PATROL UTILITY 4WD,9,1755.55,03/07/2018,SUV - PATROL,3
2014,3,POLICE INTERCEPTOR UTILITY,PATROL UTILITY 4WD,9,1875.0,01/06/2021,SUV - PATROL,3
2014,3,POLICE INTERCEPTOR UTILITY,PATROL UTILITY 4WD,9,1975.0,03/09/2021,SUV - PATROL,3
2014,3,POLICE INTERCEPTOR UTILITY,PATROL UTILITY 4WD,9,2175.0,09/03/2019,SUV - PATROL,3
2014,3,POLICE INTERCEPTOR UTILITY,PATROL UTILITY 4WD,9,2365.0,03/07/2018,SUV - PATROL,3
2014,3,POLICE INTERCEPTOR UTILITY,PATROL UTILITY 4WD,9,3400.0,01/06/2021,SUV - PATROL,3
2014,3,POLICE INTERCEPTOR UTILITY,PATROL UTILITY 4WD,9,3500.0,07/02/2019,SUV - PATROL,3
2014,3,POLICE INTERCEPTOR UTILITY,PATROL UTILITY 4WD,9,3800.0,03/09/2021,SUV - PATROL,3
2014,3,POLICE INTERCEPTOR UTILITY,PATROL UTILITY 4WD,9,3925.0,03/09/2021,SUV - PATROL,3
2014,3,POLICE INTERCEPTOR UTILITY,PATROL UTILITY 4WD,9,4200.0,01/06/2021,SUV - PATROL,3
2014,3,POLICE INTERCEPTOR UTILITY,PATROL UTILITY 4WD,9,4450.0,03/09/2021,SUV - PATROL,3
2014,3,POLICE INTERCEPTOR UTILITY,PATROL UTILITY 4WD,9,4500.0,03/09/2021,SUV - PATROL,3
2014,3,POLICE INTERCEPTOR UTILITY,PATROL UTILITY 4WD,9,4550.0,03/09/2021,SUV - PATROL,3
2014,3,POLICE INTERCEPTOR UTILITY,PATROL UTILITY 4WD,9,4650.0,03/09/2021,SUV - PATROL,3
2014,3,POLICE INTERCEPTOR UTILITY,PATROL UTILITY 4WD,9,5600.0,09/30/2020,SUV - PATROL,3
2014,3,POLICE INTERCEPTOR UTILITY,PATROL UTILITY 4WD,9,5900.0,03/09/2021,SUV - PATROL,3
2014,3,POLICE INTERCEPTOR UTILITY,PATROL UTILITY 4WD,9,6120.0,09/30/2020,SUV - PATROL,3
2014,3,POLICE INTERCEPTOR UTILITY,PATROL UTILITY 4WD,9,6800.0,12/31/2020,SUV - PATROL,3
2014,3,POLICE INTERCEPTOR UTILITY,PATROL UTILITY 4WD,9,6900.0,02/25/2021,SUV - PATROL,3
2014,8,CHIPPER,CHIPPER TRAILER MOUNTED DSL,4,14500.0,09/27/2018,CHIPPER,1
2014,10,CHARGER,PATROL CAR - TRAFFIC 4WD,9,135.0,12/27/2018,SEDAN - PATROL,3
2014,10,CHARGER,PATROL CAR - TRAFFIC 4WD,9,1801.0,03/09/2021,SEDAN - PATROL,3
2014,10,CHARGER,PATROL CAR - TRAFFIC 4WD,9,2850.0,03/07/2018,SEDAN - PATROL,3
2014,22,I2 SE,PEO PERSONAL MOBILITY DEVICE ELECTRIC,9,500.0,06/25/2018,PERSONAL MOBILITY DEVICE - ELE,2
2014,22,I2 SE,PEO PERSONAL MOBILITY DEVICE ELECTRIC,9,700.0,06/25/2018,PERSONAL MOBILITY DEVICE - ELE,2
2014,22,I2 SE,PEO PERSONAL MOBILITY DEVICE ELECTRIC,9,700.0,09/03/2019,PERSONAL MOBILITY DEVICE - ELE,2
2014,22,I2 SE,PEO PERSONAL MOBILITY DEVICE ELECTRIC,9,1275.0,06/20/2018,PERSONAL MOBILITY DEVICE - ELE,2
2014,22,I2 SE,PEO PERSONAL MOBILITY DEVICE ELECTRIC,9,1590.0,08/07/2019,PERSONAL MOBILITY DEVICE - ELE,2
2014,38,T3-002-002-10C,PEO ELECTRIC PERSONAL MOBILITY DEVICE,9,525.0,11/14/2019,PERSONAL MOBILITY DEVICE - ELE,2
2014,38,T3-002-002-10C,PEO ELECTRIC PERSONAL MOBILITY DEVICE,9,1930.0,12/23/2019,PERSONAL MOBILITY DEVICE - ELE,2
2014,47,FLHTP ELECTRA GLIDE,POLICE MOTORCYCLE,9,4250.0,04/19/2021,MOTORCYCLE - PATROL,3
2014,47,FLHTP ELECTRA GLIDE,POLICE MOTORCYCLE,9,5200.0,03/09/2021,MOTORCYCLE - PATROL,3
2014,47,FLHTP ELECTRA GLIDE,POLICE MOTORCYCLE,9,6480.0,02/25/2021,MOTORCYCLE - PATROL,3
2014,51,FIREFLY ESV-ER EXTENDED RANGE,PEO SCOOTER ELECTRIC,9,750.0,12/31/2020,SCOOTER - ELECTRIC,1
2015,3,F350,PICKUP 4WD CREW,9,33250.0,01/06/2021,TRUCK - LIGHT,1
2015,3,F350,PICKUP 2WD CREW CAB,4,10735.0,07/14/2020,TRUCK - LIGHT,1
2015,3,C-MAX HYBRID,SEDAN COMPACT HYBRID 2WD,4,8623.0,04/19/2021,SEDAN - SML - HYBRID,3
2015,3,POLICE INTERCEPTOR UTILITY,PATROL UTILITY 4WD,9,1325.0,06/25/2018,SUV - PATROL,3
2015,3,POLICE INTERCEPTOR UTILITY,PATROL UTILITY 4WD,9,2170.0,09/10/2020,SUV - PATROL,3
2015,3,POLICE INTERCEPTOR UTILITY,PATROL UTILITY 4WD,9,9405.0,10/29/2020,SUV - PATROL,3
2015,36,SUBURBAN,SUV FULL SIZE 4WD,9,15000.0,03/07/2018,SUV - LRG,3
2015,47,FLHTP ELECTRA GLIDE,POLICE MOTORCYCLE,9,4200.0,10/30/2018,MOTORCYCLE - PATROL,3
2016,3,POLICE INTERCEPTOR UTILITY,PATROL UTILITY 4WD,9,1370.0,09/10/2020,SUV - PATROL,3
2016,3,POLICE INTERCEPTOR UTILITY,PATROL UTILITY 4WD,9,1925.0,07/14/2020,SUV - PATROL,3
2016,3,POLICE INTERCEPTOR UTILITY,PATROL UTILITY 4WD,9,2595.0,07/14/2020,SUV - PATROL,3
2016,3,POLICE INTERCEPTOR UTILITY,PATROL UTILITY 4WD,9,4325.0,03/07/2018,SUV - PATROL,3
2016,3,POLICE INTERCEPTOR UTILITY,PATROL UTILITY 4WD,9,4700.0,04/19/2021,SUV - PATROL,3
2016,17,90XP,"9"" CHIPPER",4,15250.0,12/31/2020,CHIPPER,3
2016,17,90XP,"9"" CHIPPER",4,16100.0,04/19/2021,CHIPPER,3
2016,18,P185,TOWABLE INDUSTRIAL AIR COMPRESSOR,4,13100.0,02/25/2021,COMPRESSOR,1
2017,3,ESCAPE,PASSENGER,4,11500.0,12/31/2020,SUV - SML,3
2017,3,ESCAPE,PASSENGER,11,13379.0,07/14/2020,SUV - SML,3
2017,3,C-MAX ENERGI PHEV,SEDAN COMPACT HYBRID,9,2460.0,09/03/2019,SEDAN - SML - PHEV,3
2017,3,POLICE INTERCEPTOR UTILITY,PATROL - 1/2 CAGE,9,1010.0,03/13/2020,SUV - PATROL,3
2017,3,POLICE INTERCEPTOR UTILITY,PATROL UTILITY 4WD,9,4650.0,09/10/2020,SUV - PATROL,3
2017,36,BOLT,PASSENGER,4,9000.0,03/13/2020,SEDAN - SML - LREV,2
2018,3,POLICE INTERCEPTOR UTILITY,PATROL UTILITY 4WD,9,2200.0,09/10/2020,SUV - PATROL,3
